Date,Returns
2020-04-21,0.007560061654112379
2020-04-22,0.013848955108287255
2020-04-23,-0.020544853554618197
2020-04-24,0.008279607298767054
2020-04-25,0.0
2020-04-26,0.0
2020-04-27,0.04426396091387134
2020-04-28,0.002310352128268731
2020-04-29,0.026984153058118722
2020-04-30,-0.018475657741729903
2020-05-01,-0.03626438654275089
2020-05-02,0.0
2020-05-03,0.0
2020-05-04,-0.005491257664790142
2020-05-05,0.008233771114046917
2020-05-06,-0.004315386509887769
2020-05-07,0.028535750942579298
2020-05-08,0.0027671326096399365
2020-05-09,0.0
2020-05-10,0.0
2020-05-11,-0.011378409178007358
2020-05-12,-0.08173125477528874
2020-05-13,0.06676938448013717
2020-05-14,0.02522889859290911
2020-05-15,0.030691883160487505
2020-05-16,0.0
2020-05-17,0.0
2020-05-18,0.005232970802289416
2020-05-19,-0.02994704133907579
2020-05-20,0.014943396154698467
2020-05-21,-0.0004734832785477997
2020-05-22,0.009409709663384069
2020-05-23,0.0
2020-05-24,0.0
2020-05-25,0.0
2020-05-26,0.019888871603466588
2020-05-27,0.024087680656792287
2020-05-28,0.0008175168172670365
2020-05-29,-0.015374469822015227
2020-05-30,0.0
2020-05-31,0.0
2020-06-01,0.0179826804284912
2020-06-02,0.0057455592392409395
2020-06-03,0.011725425731247907
2020-06-04,0.0038856603099824147
2020-06-05,0.018708659175335016
2020-06-06,0.0
2020-06-07,0.0
2020-06-08,0.0014358952005072334
2020-06-09,0.0013432755180399574
2020-06-10,0.0
2020-06-11,-0.060688145079524185
2020-06-12,0.0034711286762827177
2020-06-13,0.0
2020-06-14,0.0
2020-06-15,0.029919838739391774
2020-06-16,0.013474449444462881
2020-06-17,0.00874830096416356
2020-06-18,0.0027492384194989223
2020-06-19,-0.0025085550393444513
2020-06-20,0.0
2020-06-21,0.0
2020-06-22,-0.0038903853332963446
2020-06-23,0.0025628718176755267
2020-06-24,-0.029430810659615555
2020-06-25,0.015491256505573208
2020-06-26,-0.02237821644632345
2020-06-27,0.0
2020-06-28,0.0
2020-06-29,-0.003730048431001843
2020-06-30,0.020856228737241418
2020-07-01,0.00043752116071438474
2020-07-02,0.013578995737858784
2020-07-03,0.0
2020-07-04,0.0
2020-07-05,0.0
2020-07-06,0.010404083731665749
2020-07-07,-0.015025149901775165
2020-07-08,0.015135937490858538
2020-07-09,-0.014776095081592775
2020-07-10,0.008409098592895238
2020-07-11,0.0
2020-07-12,0.0
2020-07-13,-0.002756561769703104
2020-07-14,0.015770461999816923
2020-07-15,0.012856588644130695
2020-07-16,-0.002868301519831296
2020-07-17,0.03596004550725025
2020-07-18,0.0
2020-07-19,0.0
2020-07-20,-0.013891611174475299
2020-07-21,0.0006779792604341204
2020-07-22,0.004324360307856383
2020-07-23,-0.007547892145878824
2020-07-24,-0.013103369418241972
2020-07-25,0.0
2020-07-26,0.0
2020-07-27,0.008248504101820738
2020-07-28,-0.00810286032655545
2020-07-29,0.012020915548652516
2020-07-30,-0.007845642538967088
2020-07-31,0.0033652147145877475
2020-08-01,0.0
2020-08-02,0.0
2020-08-03,0.008555563334434075
2020-08-04,-0.015494019479117448
2020-08-05,0.01927869588225297
2020-08-06,0.0001253951153495233
2020-08-07,0.010212072330738802
2020-08-08,0.0
2020-08-09,0.0
2020-08-10,-0.013696184320554758
2020-08-11,0.011048113139422045
2020-08-12,0.006103899438933829
2020-08-13,-0.001161411569119994
2020-08-14,-0.001870611831108526
2020-08-15,0.0
2020-08-16,0.0
2020-08-17,0.00605298431058573
2020-08-18,-0.004780740135169663
2020-08-19,0.0009336019228213244
2020-08-20,-0.010897219076328079
2020-08-21,0.001169890090655821
2020-08-22,0.0
2020-08-23,0.0
2020-08-24,0.012610271429556254
2020-08-25,-0.0004919460554065026
2020-08-26,0.0015604773442343708
2020-08-27,0.004876429232136843
2020-08-28,0.0101381470050683
2020-08-29,0.0
2020-08-30,0.0
2020-08-31,-0.011481191005097023
2020-09-01,0.003453133325589555
2020-09-02,0.01954888604746448
2020-09-03,-0.04272306810969728
2020-09-04,-0.02529467384871504
2020-09-05,0.0
2020-09-06,0.0
2020-09-07,0.0
2020-09-08,-0.021666461576451187
2020-09-09,0.013720025663476647
2020-09-10,-0.030573309732590117
2020-09-11,-0.003864510345313843
2020-09-12,0.0
2020-09-13,0.0
2020-09-14,0.011338957411034882
2020-09-15,0.0014287390905713526
2020-09-16,0.0244326277463264
2020-09-17,-0.023980584994118533
2020-09-18,0.015421530920945172
2020-09-19,0.0
2020-09-20,0.0
2020-09-21,-0.00782851389149209
2020-09-22,-0.00327431234557167
2020-09-23,-0.022466360273854458
2020-09-24,-0.006497270261447952
2020-09-25,0.02353481610136083
2020-09-26,0.0
2020-09-27,0.0
2020-09-28,0.019619987178830362
2020-09-29,-0.006910422972613955
2020-09-30,0.01562547389462467
2020-10-01,0.007692634058030803
2020-10-02,0.0039006139742709276
2020-10-03,0.0
2020-10-04,0.0
2020-10-05,0.018893813224385117
2020-10-06,-0.0013152431634329183
2020-10-07,0.02017742386140112
2020-10-08,0.020709681274192857
2020-10-09,0.011707981081833446
2020-10-10,0.0
2020-10-11,0.0
2020-10-12,0.005421764736382169
2020-10-13,0.0384115006200051
2020-10-14,0.0013724033876509314
2020-10-15,0.009948413229959508
2020-10-16,0.01709780069032998
2020-10-17,0.0
2020-10-18,0.0
2020-10-19,-0.034828845105095756
2020-10-20,0.01592408115085985
2020-10-21,-0.015765829097209222
2020-10-22,0.0003093983282012922
2020-10-23,0.003360291918628098
2020-10-24,0.0
2020-10-25,0.0
2020-10-26,-0.024001293943823537
2020-10-27,-0.012436358866561331
2020-10-28,-0.02273372232874136
2020-10-29,0.0027098225316314613
2020-10-30,-0.005205262347351902
2020-10-31,0.0
2020-11-01,0.0
2020-11-02,0.025803101326297692
2020-11-03,0.023133446696458167
2020-11-04,0.03488304141744245
2020-11-05,0.025142340768106796
2020-11-06,-0.02008861830266421
2020-11-07,0.0
2020-11-08,0.0
2020-11-09,0.016826808094970464
2020-11-10,-0.00815152155057252
2020-11-11,0.015034194596653097
2020-11-12,-0.016253452252007694
2020-11-13,0.015039064356587598
2020-11-14,0.0
2020-11-15,0.0
2020-11-16,0.009872134897529361
2020-11-17,-0.013298351115206396
2020-11-18,0.0035778870555824953
2020-11-19,0.00533216695363923
2020-11-20,-0.00114946259113889
2020-11-21,0.0
2020-11-22,0.0
2020-11-23,0.01501261103888875
2020-11-24,0.023766351524797655
2020-11-25,0.006134070699914992
2020-11-26,0.0
2020-11-27,0.016215988791835122
2020-11-28,0.0
2020-11-29,0.0
2020-11-30,-0.023709607328064836
2020-12-01,0.023879765489705784
2020-12-02,0.004364248184516552
2020-12-03,0.0009600060388149298
2020-12-04,-0.016814618493523517
2020-12-05,0.0
2020-12-06,0.0
2020-12-07,0.008502928497637612
2020-12-08,0.00622895495483588
2020-12-09,-0.01729945755821259
2020-12-10,-0.004665031261705712
2020-12-11,-0.004610198407467922
2020-12-12,0.0
2020-12-13,0.0
2020-12-14,-0.01636362366881791
2020-12-15,0.02063499836397477
2020-12-16,0.00028156579400271823
2020-12-17,0.010874056968186335
2020-12-18,-0.01024281056953778
2020-12-19,0.0
2020-12-20,0.0
2020-12-21,4.450611721411834e-05
2020-12-22,-0.007657101767752894
2020-12-23,0.014504875842516522
2020-12-24,0.005007458648835127
2020-12-25,0.0
2020-12-26,0.0
2020-12-27,0.0
2020-12-28,0.0042304569329932595
2020-12-29,-0.005509854564746172
2020-12-30,0.0037596537372546345
2020-12-31,0.017622798720154653
2021-01-01,0.0
2021-01-02,0.0
2021-01-03,0.0
2021-01-04,-0.014975204026645391
2021-01-05,0.005268034508449171
2021-01-06,0.028130200267042535
2021-01-07,0.020814142811738066
2021-01-08,0.008015853395356284
2021-01-09,0.0
2021-01-10,0.0
2021-01-11,0.013424841174150175
2021-01-12,0.014314471259179071
2021-01-13,0.0025846442104260742
2021-01-14,-0.04760000982677737
2021-01-15,-0.021392861660174116
2021-01-16,0.0
2021-01-17,0.0
2021-01-18,0.0
2021-01-19,0.008066018724771936
2021-01-20,0.010687928205376396
2021-01-21,0.0008983717617121264
2021-01-22,-0.009686452774980198
2021-01-23,0.0
2021-01-24,0.0
2021-01-25,-0.016559878652225298
2021-01-26,-0.0015499063625883274
2021-01-27,-0.03392712788187277
2021-01-28,0.03122288473509716
2021-01-29,-0.026233600847017008
2021-01-30,0.0
2021-01-31,0.0
2021-02-01,0.01680809510218229
2021-02-02,0.02265493728490886
2021-02-03,-0.0074584554072922565
2021-02-04,0.011502137486957862
2021-02-05,-0.008400428908748803
2021-02-06,0.0
2021-02-07,0.0
2021-02-08,0.00016821269464398997
2021-02-09,0.0032303053674248255
2021-02-10,-0.00776050494325638
2021-02-11,-0.0024036865006024804
2021-02-12,0.0021471381801628333
2021-02-13,0.0
2021-02-14,0.0
2021-02-15,0.0
2021-02-16,0.010087746848274688
2021-02-17,-0.01229031637672693
2021-02-18,-0.02504012936782891
2021-02-19,0.009275201056132523
2021-02-20,0.0
2021-02-21,0.0
2021-02-22,-0.009846906697003404
2021-02-23,2.843507561546612e-05
2021-02-24,0.012636439739299765
2021-02-25,-0.0246157140683842
2021-02-26,-0.0004317533891748928
2021-02-27,0.0
2021-02-28,0.0
2021-03-01,0.034957951390850076
2021-03-02,-0.004031499086145027
2021-03-03,-0.02091154449495108
2021-03-04,-0.020491494234295537
2021-03-05,0.027519619770546882
2021-03-06,0.0
2021-03-07,0.0
2021-03-08,-0.004717313280367894
2021-03-09,0.032420989875360455
2021-03-10,0.008975648029300355
2021-03-11,-0.008807423758423477
2021-03-12,-0.008244072306841814
2021-03-13,0.0
2021-03-14,0.0
2021-03-15,0.0039239874925070415
2021-03-16,0.005620573483105633
2021-03-17,0.007117305301240832
2021-03-18,-0.00618767546049329
2021-03-19,0.008116146908026636
2021-03-20,0.0
2021-03-21,0.0
2021-03-22,0.001760097955324101
2021-03-23,-0.0198232647870652
2021-03-24,0.008575933145725667
2021-03-25,0.006548353118916344
2021-03-26,0.03963915664708794
2021-03-27,0.0
2021-03-28,0.0
2021-03-29,0.0012422162616003546
2021-03-30,-0.011402418212314528
2021-03-31,0.00625878049113515
2021-04-01,0.016923084229269754
2021-04-02,0.0
2021-04-03,0.0
2021-04-04,0.0
2021-04-05,0.02216377721933211
2021-04-06,-0.002946623708376383
2021-04-07,0.008008495856923994
2021-04-08,0.015879528340835267
2021-04-09,0.009627759935732639
2021-04-10,0.0
2021-04-11,0.0
2021-04-12,-0.00045226890137872386
2021-04-13,-0.00681832666702394
2021-04-14,-0.0017697644910854597
2021-04-15,0.020699769619051893
2021-04-16,-0.007840370693091849
2021-04-17,0.0
2021-04-18,0.0
2021-04-19,-0.0004273998771971584
2021-04-20,-0.0075915255181926745
2021-04-21,0.008120984332473455
2021-04-22,-0.020174743598207975
2021-04-23,0.022196084583228883
2021-04-24,0.0
2021-04-25,0.0
2021-04-26,0.006316292098038446
2021-04-27,0.0026777061050861986
2021-04-28,-0.005173193030145323
2021-04-29,0.013435880773633035
2021-04-30,-0.009742827677483471
2021-05-01,0.0
2021-05-02,0.0
2021-05-03,0.007681206818490481
2021-05-04,0.013002442799455574
2021-05-05,0.01729875447870629
2021-05-06,0.01870873697163981
2021-05-07,0.0077346636618713955
2021-05-08,0.0
2021-05-09,0.0
2021-05-10,-0.018921200373480548
2021-05-11,-0.015687318990949092
2021-05-12,-0.02470065810653826
2021-05-13,0.01863839525033133
2021-05-14,0.021069367553434356
2021-05-15,0.0
2021-05-16,0.0
2021-05-17,-0.008657636904333441
2021-05-18,-0.011038599088863824
2021-05-19,-0.0019445097425533652
2021-05-20,0.007573801039569861
2021-05-21,0.018607103126202167
2021-05-22,0.0
2021-05-23,0.0
2021-05-24,0.013391768761381033
2021-05-25,0.002172316849102295
2021-05-26,0.0028227691700794502
2021-05-27,-0.00035146573539416497
2021-05-28,0.0007091033163374478
2021-05-29,0.0
2021-05-30,0.0
2021-05-31,0.0
2021-06-01,-0.00014858036525213511
2021-06-02,0.011903076965892464
2021-06-03,-0.0025916014270939082
2021-06-04,0.006628819805670989
2021-06-05,0.0
2021-06-06,0.0
2021-06-07,-0.002142626224394232
2021-06-08,-0.0004931931373446294
2021-06-09,-0.015472733553802515
2021-06-10,-0.004041451822709721
2021-06-11,0.015130616713254613
2021-06-12,0.0
2021-06-13,0.0
2021-06-14,-0.00441665836733379
2021-06-15,0.004807226586659503
2021-06-16,-0.013311284035618097
2021-06-17,-0.0006095764391444318
2021-06-18,-0.032797539761145175
2021-06-19,0.0
2021-06-20,0.0
2021-06-21,0.024051952556284884
2021-06-22,0.004058934547663376
2021-06-23,0.0007635852794507699
2021-06-24,0.0022150342072665826
2021-06-25,0.007676483278938017
2021-06-26,0.0
2021-06-27,0.0
2021-06-28,0.0053778404592379455
2021-06-29,-0.005936343685148878
2021-06-30,0.0016368899735053981
2021-07-01,0.004867153131306065
2021-07-02,0.016248382882031624
2021-07-03,0.0
2021-07-04,0.0
2021-07-05,0.0
2021-07-06,-0.001069386546053675
2021-07-07,0.009207878155389244
2021-07-08,-0.027510709115974318
2021-07-09,0.02791809525169658
2021-07-10,0.0
2021-07-11,0.0
2021-07-12,0.01608283609451248
2021-07-13,-0.008597761204831592
2021-07-14,-0.031032528891349793
2021-07-15,-0.0003696322201536101
2021-07-16,-0.005685288651913418
2021-07-17,0.0
2021-07-18,0.0
2021-07-19,-0.03471146373263977
2021-07-20,0.03906569435950585
2021-07-21,0.00437146482329116
2021-07-22,-0.018089733287920334
2021-07-23,0.002411223483187498
2021-07-24,0.0
2021-07-25,0.0
2021-07-26,0.0029175970619837
2021-07-27,-0.011087812689224177
2021-07-28,-0.0013565103400450672
2021-07-29,0.010030018879203047
2021-07-30,-0.0025633623052105994
2021-07-31,0.0
2021-08-01,0.0
2021-08-02,0.007003603671393469
2021-08-03,0.00793684311155536
2021-08-04,0.002038273836771627
2021-08-05,0.008200795544652318
2021-08-06,0.0076374549312823396
2021-08-07,0.0
2021-08-08,0.0
2021-08-09,0.006539450893746945
2021-08-10,0.011677321831154686
2021-08-11,0.004952337066466944
2021-08-12,0.0015699614925733629
2021-08-13,-0.001824069473051146
2021-08-14,0.0
2021-08-15,0.0
2021-08-16,0.008710611104864364
2021-08-17,-0.01664311544065617
2021-08-18,-0.008511288665296515
2021-08-19,0.002058617120105548
2021-08-20,0.014726768364475585
2021-08-21,0.0
2021-08-22,0.0
2021-08-23,0.011584348654833434
2021-08-24,0.0014216494353675511
2021-08-25,0.011067072295422411
2021-08-26,-0.0038997234521398498
2021-08-27,0.020166980439561777
2021-08-28,0.0
2021-08-29,0.0
2021-08-30,-0.007206903308086179
2021-08-31,-0.005059253206727044
2021-09-01,0.0005614640146566044
2021-09-02,0.007226556555884842
2021-09-03,-0.009824514866298959
2021-09-04,0.0
2021-09-05,0.0
2021-09-06,0.0
2021-09-07,-0.01338187238389811
2021-09-08,-0.0005267048343661521
2021-09-09,-0.0023789511480016927
2021-09-10,-0.0060146386711059955
2021-09-11,0.0
2021-09-12,0.0
2021-09-13,-0.00038570319363943586
2021-09-14,-0.015741873332238945
2021-09-15,0.008496993588355675
2021-09-16,-0.021337009027218013
2021-09-17,-0.015625114684714454
2021-09-18,0.0
2021-09-19,0.0
2021-09-20,-0.022338299390930492
2021-09-21,-0.014138881166258816
2021-09-22,0.00685785689965904
2021-09-23,0.029089886833571766
2021-09-24,-0.0017814141384807976
2021-09-25,0.0
2021-09-26,0.0
2021-09-27,0.0009829829694958992
2021-09-28,-0.0171728631589744
2021-09-29,-0.004651055571059738
2021-09-30,-0.021133165973959044
2021-10-01,0.003841965975424349
2021-10-02,0.0
2021-10-03,0.0
2021-10-04,-0.019592435586582357
2021-10-05,0.015897908641146073
2021-10-06,-0.0014740628368849983
2021-10-07,0.0057065882072930224
2021-10-08,0.002435561684568876
2021-10-09,0.0
2021-10-10,0.0
2021-10-11,-0.0055506060561517495
2021-10-12,-0.004220892339226252
2021-10-13,0.0371321171569909
2021-10-14,0.0280454321888661
2021-10-15,0.016399422136894947
2021-10-16,0.0
2021-10-17,0.0
2021-10-18,-0.012143940369335422
2021-10-19,0.0059356674818503334
2021-10-20,0.0014141940845557254
2021-10-21,0.0008843704464960559
2021-10-22,0.012377505247996247
2021-10-23,0.0
2021-10-24,0.0
2021-10-25,0.01060857282638063
2021-10-26,0.007378514908740047
2021-10-27,-0.01547975645322259
2021-10-28,0.019663546612256413
2021-10-29,0.008490594517121176
2021-10-30,0.0
2021-10-31,0.0
2021-11-01,-0.007694271359627658
2021-11-02,0.012335918234478018
2021-11-03,0.004045423427424949
2021-11-04,0.0024623227860775514
2021-11-05,0.0011211945908120857
2021-11-06,0.0
2021-11-07,0.0
2021-11-08,0.011206794809979197
2021-11-09,0.0008992011985195065
2021-11-10,-0.00782425475273479
2021-11-11,0.006641762297181838
2021-11-12,0.006075398822048071
2021-11-13,0.0
2021-11-14,0.0
2021-11-15,-0.01896698476133723
2021-11-16,-0.004508129849031892
2021-11-17,-0.018512225484223353
2021-11-18,-0.00946746627312228
2021-11-19,-0.008497684957755443
2021-11-20,0.0
2021-11-21,0.0
2021-11-22,0.004775215229937993
2021-11-23,0.017361039089093852
2021-11-24,-0.005050213691747338
2021-11-25,0.0
2021-11-26,-0.031751505062868064
2021-11-27,0.0
2021-11-28,0.0
2021-11-29,0.028821831566339513
2021-11-30,-0.025528341042855174
2021-12-01,-0.004738874111426495
2021-12-02,0.02035621145073435
2021-12-03,-0.02119768188476298
2021-12-04,0.0
2021-12-05,0.0
2021-12-06,0.0014016526719450254
2021-12-07,0.02665165525799471
2021-12-08,0.0031874447203298095
2021-12-09,-0.005190843589473702
2021-12-10,0.0065965123294183725
2021-12-11,0.0
2021-12-12,0.0
2021-12-13,-0.00814087204746913
2021-12-14,-0.016791083067483538
2021-12-15,0.013790444785828774
2021-12-16,0.007225944126492486
2021-12-17,-0.008689105028980688
2021-12-18,0.0
2021-12-19,0.0
2021-12-20,-0.017986745573917506
2021-12-21,0.015020500532508441
2021-12-22,0.0007388014538250197
2021-12-23,0.0026017780753142036
2021-12-24,0.0
2021-12-25,0.0
2021-12-26,0.0
2021-12-27,0.009430008779082325
2021-12-28,-0.0008197680303067205
2021-12-29,-0.013213305434893866
2021-12-30,0.004437373392459011
2021-12-31,0.001960310895093116
2022-01-01,0.0
2022-01-02,0.0
2022-01-03,-0.004187289272397145
2022-01-04,0.0060000716043938146
2022-01-05,-0.02813765772849244
2022-01-06,0.004168912577604
2022-01-07,-0.00360472733403392
2022-01-08,0.0
2022-01-09,0.0
2022-01-10,-0.0214489602783176
2022-01-11,0.016859087976920914
2022-01-12,-0.0034756661814822638
2022-01-13,-0.019998503621375893
2022-01-14,-0.022113709575521945
2022-01-15,0.0
2022-01-16,0.0
2022-01-17,0.0
2022-01-18,-0.019756827445421773
2022-01-19,-0.00784441456794904
2022-01-20,0.0012633607335144578
2022-01-21,-0.03149611557825773
2022-01-22,0.0
2022-01-23,0.0
2022-01-24,-0.017753447643348
2022-01-25,0.01479497038053926
2022-01-26,-0.0038624387365359877
2022-01-27,-0.009489594830975234
2022-01-28,0.025280723051477504
2022-01-29,0.0
2022-01-30,0.0
2022-01-31,0.018159355271806343
2022-02-01,0.0036493449357722753
2022-02-02,-0.004174985133265686
2022-02-03,-0.02056438217366125
2022-02-04,0.005009723116905006
2022-02-05,0.0
2022-02-06,0.0
2022-02-07,0.008737411263395809
2022-02-08,-0.011740232451382566
2022-02-09,0.006922936508202394
2022-02-10,-0.04376220717643414
2022-02-11,-0.007347963909074186
2022-02-12,0.0
2022-02-13,0.0
2022-02-14,-0.015892380571962902
2022-02-15,0.027089418226489786
2022-02-16,0.002858690417283344
2022-02-17,-0.027065320173107543
2022-02-18,-0.008543731262040442
2022-02-19,0.0
2022-02-20,0.0
2022-02-21,0.0
2022-02-22,-0.014034035088163265
2022-02-23,-0.0175906173517792
2022-02-24,-0.0009462793777447632
2022-02-25,0.025733775332014406
2022-02-26,0.0
2022-02-27,0.0
2022-02-28,-0.009332546963937927
2022-03-01,-0.03987994632746052
2022-03-02,0.03198678371293713
2022-03-03,-0.00045322049361921777
2022-03-04,-0.050712062519386605
2022-03-05,0.0
2022-03-06,0.0
2022-03-07,-0.028425761828434915
2022-03-08,-0.021196613868650915
2022-03-09,0.044812259748596074
2022-03-10,0.005682766485611499
2022-03-11,-0.014681291398375523
2022-03-12,0.0
2022-03-13,0.0
2022-03-14,0.015154564290923177
2022-03-15,0.014433016355210573
2022-03-16,0.03258697221880492
2022-03-17,0.01334096070411123
2022-03-18,-0.0031640110564413845
2022-03-19,0.0
2022-03-20,0.0
2022-03-21,-0.006468804181998646
2022-03-22,0.017618858179401085
2022-03-23,-0.014036075824165932
2022-03-24,0.0024639825796422626
2022-03-25,0.003733547560162076
2022-03-26,0.0
2022-03-27,0.0
2022-03-28,0.011856842341411357
2022-03-29,0.03067715633439779
2022-03-30,0.00531635885596824
2022-03-31,-0.017115914092481324
2022-04-01,0.007290162393345256
2022-04-02,0.0
2022-04-03,0.0
2022-04-04,0.016068976647307987
2022-04-05,-0.023017925946936302
2022-04-06,-0.02543744983712727
2022-04-07,0.0049002629298572605
2022-04-08,-0.017226879552480333
2022-04-09,0.0
2022-04-10,0.0
2022-04-11,-0.010542793798001812
2022-04-12,-0.015986323700381177
2022-04-13,-0.001518281989566704
2022-04-14,-0.0392826415029262
2022-04-15,0.0
2022-04-16,0.0
2022-04-17,0.0
2022-04-18,-0.011944609965455592
2022-04-19,0.031229089280077133
2022-04-20,-0.003668413300676928
2022-04-21,-0.02541625506112636
2022-04-22,-0.027552001003903228
2022-04-23,0.0
2022-04-24,0.0
2022-04-25,0.008023096105386403
2022-04-26,-0.032283611607171143
2022-04-27,-0.006249092411817705
2022-04-28,0.012289835234361042
2022-04-29,-0.041223868445532275
2022-04-30,0.0
2022-05-01,0.0
2022-05-02,0.0001939948216394497
2022-05-03,0.00996420333374298
2022-05-04,0.05273342444604454
2022-05-05,-0.048383984623952624
2022-05-06,-0.00822199081783847
2022-05-07,0.0
2022-05-08,0.0
2022-05-09,-0.03737300675233264
2022-05-10,0.007681165066806963
2022-05-11,-0.016317209573118056
2022-05-12,7.570050001994747e-05
2022-05-13,0.024569563394211204
2022-05-14,0.0
2022-05-15,0.0
2022-05-16,-0.027569522323442733
2022-05-17,0.021683847941001234
2022-05-18,-0.03300630834040394
2022-05-19,0.002058401219929039
2022-05-20,0.012334306299327066
2022-05-21,0.0
2022-05-22,0.0
2022-05-23,0.018266823984488402
2022-05-24,0.011126897296403865
2022-05-25,0.013252019473126197
2022-05-26,0.040412068926062174
2022-05-27,0.021366205977725906
2022-05-28,0.0
2022-05-29,0.0
2022-05-30,0.0
2022-05-31,0.0038160470788383607
2022-06-01,-0.012888597067676838
2022-06-02,0.038576782298884074
2022-06-03,-0.014584126053276981
2022-06-04,0.0
2022-06-05,0.0
2022-06-06,0.005342279061266037
2022-06-07,0.006304046175909954
2022-06-08,-0.0256333556759126
2022-06-09,-0.0038710480654929867
2022-06-10,-0.06605907395698368
2022-06-11,0.0
2022-06-12,0.0
2022-06-13,-0.031164856009908322
2022-06-14,-0.012584960871676255
2022-06-15,0.014555210568951342
2022-06-16,-0.023833435664052178
2022-06-17,-0.0060103554319863705
2022-06-18,0.0
2022-06-19,0.0
2022-06-20,0.0
2022-06-21,0.05395669399386727
2022-06-22,-0.008598438824686963
2022-06-23,0.025010968361845902
2022-06-24,0.036265183757176904
2022-06-25,0.0
2022-06-26,0.0
2022-06-27,-0.016907427498151682
2022-06-28,-0.012317368510684124
2022-06-29,-0.01790514473794721
2022-06-30,-0.014536005130421597
2022-07-01,0.012497960355542532
2022-07-02,0.0
2022-07-03,0.0
2022-07-04,0.0
2022-07-05,0.006496444259057518
2022-07-06,-0.00968103528789084
2022-07-07,0.014467683281145798
2022-07-08,-0.006656061630324304
2022-07-09,0.0
2022-07-10,0.0
2022-07-11,-0.023781941392275675
2022-07-12,-0.0028294548749154378
2022-07-13,-0.011521062866734414
2022-07-14,-0.013081705780013568
2022-07-15,0.01975223369277807
2022-07-16,0.0
2022-07-17,0.0
2022-07-18,-0.004741109451264447
2022-07-19,0.05027343419215308
2022-07-20,0.010119312199583697
2022-07-21,0.007186782752105845
2022-07-22,-0.008902977491257593
2022-07-23,0.0
2022-07-24,0.0
2022-07-25,0.003951467309463034
2022-07-26,-0.020985853954506303
2022-07-27,0.032193101632852376
2022-07-28,0.025568794837353217
2022-07-29,0.013842293355329601
2022-07-30,0.0
2022-07-31,0.0
2022-08-01,0.0032972250335435356
2022-08-02,-0.007822323514337178
2022-08-03,0.03594354582647849
2022-08-04,0.00789149472010797
2022-08-05,-0.00011423913659998737
2022-08-06,0.0
2022-08-07,0.0
2022-08-08,0.00048774088960921015
2022-08-09,0.0003455963499928195
2022-08-10,0.04037893075209563
2022-08-11,0.004731160153236624
2022-08-12,0.03131753434841451
2022-08-13,0.0
2022-08-14,0.0
2022-08-15,0.005293536417077902
2022-08-16,0.0016532896979572797
2022-08-17,-0.018465491792411172
2022-08-18,0.0026895843606571726
2022-08-19,-0.043007784059632355
2022-08-20,0.0
2022-08-21,0.0
2022-08-22,-0.02668931875746556
2022-08-23,0.002755479703101864
2022-08-24,0.004940810405367442
2022-08-25,0.014428181449517283
2022-08-26,-0.04926768903446879
2022-08-27,0.0
2022-08-28,0.0
2022-08-29,-0.0008103856925790716
2022-08-30,-0.004700454798450283
2022-08-31,-0.009456430083202329
2022-09-01,-0.0023114828956675897
2022-09-02,-0.010265829874376155
2022-09-03,0.0
2022-09-04,0.0
2022-09-05,0.0
2022-09-06,0.012851366199280873
2022-09-07,0.018852380657636163
2022-09-08,0.02591525621074747
2022-09-09,0.0051009694503574956
2022-09-10,0.0
2022-09-11,0.0
2022-09-12,0.0019394636248659524
2022-09-13,-0.07740026208537605
2022-09-14,-0.0020658770271513947
2022-09-15,-0.017619745442958353
2022-09-16,-0.008895347167303395
2022-09-17,0.0
2022-09-18,0.0
2022-09-19,0.012666027225532235
2022-09-20,-0.01975780137514989
2022-09-21,-0.02311554261644403
2022-09-22,-0.012561910631956063
2022-09-23,-0.015286324597531842
2022-09-24,0.0
2022-09-25,0.0
2022-09-26,-0.011464099097384406
2022-09-27,-0.010400124545061035
2022-09-28,0.011738110037765521
2022-09-29,-0.03743657902062049
2022-09-30,-0.024486925154796814
2022-10-01,0.0
2022-10-02,0.0
2022-10-03,0.03997022166571622
2022-10-04,0.031927907740823984
2022-10-05,-0.013882402399677574
2022-10-06,-0.01998581488956613
2022-10-07,-0.037809002433577925
2022-10-08,0.0
2022-10-09,0.0
2022-10-10,-0.00887272023082313
2022-10-11,-0.026751094243250978
2022-10-12,-7.228552786638776e-05
2022-10-13,0.06369580851747089
2022-10-14,-0.027002347083028094
2022-10-15,0.0
2022-10-16,0.0
2022-10-17,0.03267430103436034
2022-10-18,0.02053597324650838
2022-10-19,-0.005454840053500358
2022-10-20,-0.009633065864729408
2022-10-21,0.042585389123346924
2022-10-22,0.0
2022-10-23,0.0
2022-10-24,0.023463556907569027
2022-10-25,0.03929014195717335
2022-10-26,0.0029186882780286375
2022-10-27,0.017378193017398697
2022-10-28,0.022500973665699475
2022-10-29,0.0
2022-10-30,0.0
2022-10-31,-0.027243180122383946
2022-11-01,0.009381886100813905
2022-11-02,-0.020437335986012384
2022-11-03,-0.007853746242061485
2022-11-04,0.03463691434250733
2022-11-05,0.0
2022-11-06,0.0
2022-11-07,0.030251421426844092
2022-11-08,0.014720166619244558
2022-11-09,-0.02465007699909763
2022-11-10,0.12636064024380544
2022-11-11,0.019469099064432026
2022-11-12,0.0
2022-11-13,0.0
2022-11-14,-0.044336893005849365
2022-11-15,-0.0011345084678093767
2022-11-16,-0.018099074700530703
2022-11-17,-0.007899347015198474
2022-11-18,-0.0009718410939498491
2022-11-19,0.0
2022-11-20,0.0
2022-11-21,0.004278190371984863
2022-11-22,0.013383271333211507
2022-11-23,0.0039051353986507163
2022-11-24,0.0
2022-11-25,0.0019822787931105586
2022-11-26,0.0
2022-11-27,0.0
2022-11-28,-0.022770735967077082
2022-11-29,-0.009991574823674153
2022-11-30,0.002793658292642381
2022-12-01,0.008597339700642198
2022-12-02,-0.012824413556233677
2022-12-03,0.0
2022-12-04,0.0
2022-12-05,-0.00030368741075089274
2022-12-06,0.0033951477416773626
2022-12-07,-0.00159382085052044
2022-12-08,-0.008094757444033759
2022-12-09,0.004975885606931904
2022-12-10,0.0
2022-12-11,0.0
2022-12-12,0.003220426823240203
2022-12-13,0.02081901442976461
2022-12-14,-0.017595528218898048
2022-12-15,-0.018925051705200157
2022-12-16,0.002914482364522626
2022-12-17,0.0
2022-12-18,0.0
2022-12-19,-0.011127855695838153
2022-12-20,-0.0013147253406493075
2022-12-21,0.030448823612399843
2022-12-22,-0.013573579761894902
2022-12-23,0.0008670272798724494
2022-12-24,0.0
2022-12-25,0.0
2022-12-26,0.0
2022-12-27,-0.0009664221758758713
2022-12-28,-0.004174457693629297
2022-12-29,0.02233723853467872
2022-12-30,-0.010554576050469486
2022-12-31,0.0
2023-01-01,0.0
2023-01-02,0.0
2023-01-03,0.004798231865397087
2023-01-04,0.013752038373713011
2023-01-05,-0.029033149724968135
2023-01-06,0.05109057899760139
2023-01-07,0.0
2023-01-08,0.0
2023-01-09,0.020109761713680573
2023-01-10,0.0056805344605589435
2023-01-11,-0.001797448779300308
2023-01-12,-0.0025954763517768145
2023-01-13,3.9333134799641885e-05
2023-01-14,0.0
2023-01-15,0.0
2023-01-16,0.0
2023-01-17,-0.005665833312535578
2023-01-18,-0.0031652334943581438
2023-01-19,-0.023683092891916165
2023-01-20,0.01609224337507395
2023-01-21,0.0
2023-01-22,0.0
2023-01-23,0.008473367711426313
2023-01-24,0.005398529684183543
2023-01-25,-0.001092039283846119
2023-01-26,0.010134655583336993
2023-01-27,0.00036698502680415363
2023-01-28,0.0
2023-01-29,0.0
2023-01-30,-0.01502196039102521
2023-01-31,0.015063813244768093
2023-02-01,0.004491774617787643
2023-02-02,0.010567007695325498
2023-02-03,-0.017764682669652046
2023-02-04,0.0
2023-02-05,0.0
2023-02-06,-0.01971251769993761
2023-02-07,-0.0021051617065816985
2023-02-08,-0.01490507563504191
2023-02-09,-0.019214060746254563
2023-02-10,0.010476230931024597
2023-02-11,0.0
2023-02-12,0.0
2023-02-13,0.018351906777406512
2023-02-14,-0.010586834035473943
2023-02-15,-0.0068242239626116665
2023-02-16,-0.01557372765022298
2023-02-17,0.004422890592043984
2023-02-18,0.0
2023-02-19,0.0
2023-02-20,0.0
2023-02-21,-0.028917507689322358
2023-02-22,-0.012056088540255095
2023-02-23,0.006424420989545698
2023-02-24,-0.012229968234272323
2023-02-25,0.0
2023-02-26,0.0
2023-02-27,-0.0005410110527664953
2023-02-28,0.009280526171538888
2023-03-01,-0.012948197104685994
2023-03-02,0.007831638949379957
2023-03-03,0.013510744857751745
2023-03-04,0.0
2023-03-05,0.0
2023-03-06,-0.002684835656462403
2023-03-07,-0.02014491244981857
2023-03-08,-0.0004489799811646653
2023-03-09,-0.034821428832055856
2023-03-10,-0.025271317957499644
2023-03-11,0.0
2023-03-12,0.0
2023-03-13,-0.014685712762092424
2023-03-14,0.019088935462911547
2023-03-15,-0.009594624322796263
2023-03-16,0.008260009517346824
2023-03-17,-0.0004243483550831341
2023-03-18,0.0
2023-03-19,0.0
2023-03-20,0.010700489606887098
2023-03-21,0.02848014183432428
2023-03-22,-0.021110547031958714
2023-03-23,0.005325210378480841
2023-03-24,-0.010644687593076345
2023-03-25,0.0
2023-03-26,0.0
2023-03-27,0.0053194772145956646
2023-03-28,-0.0032149745630401217
2023-03-29,0.016849667625280673
2023-03-30,0.005795869150607537
2023-03-31,0.012149034938890437
2023-04-01,0.0
2023-04-02,0.0
2023-04-03,-0.004058020857603021
2023-04-04,-0.011017454557281698
2023-04-05,-0.0046662103254381014
2023-04-06,0.0005480242421552667
2023-04-07,0.0
2023-04-08,0.0
2023-04-09,0.0
2023-04-10,0.005196086832634105
2023-04-11,0.014836412594377285
2023-04-12,-0.005558220378816931
2023-04-13,0.007122484564154032
2023-04-14,0.03025298077478412
2023-04-15,0.0
2023-04-16,0.0
2023-04-17,0.010116711220951547
2023-04-18,-0.006221355516429501
2023-04-19,0.0017438881307400137
2023-04-20,0.0016366677599207002
2023-04-21,-0.022419252316628228
2023-04-22,0.0
2023-04-23,0.0
2023-04-24,-0.009965016632050811
2023-04-25,-0.02171105547965101
2023-04-26,-0.013797794009508275
2023-04-27,0.018290546777068272
2023-04-28,0.012774215692100402
2023-04-29,0.0
2023-04-30,0.0
2023-05-01,-0.012337944235498104
2023-05-02,-0.017512265417681697
2023-05-03,-0.013991743626110506
2023-05-04,-0.01687353817531104
2023-05-05,0.02009133178883886
2023-05-06,0.0
2023-05-07,0.0
2023-05-08,-0.0020808228878722904
2023-05-09,-0.011838525689628733
2023-05-10,-0.010105101996610787
2023-05-11,0.020200835489098803
2023-05-12,0.004785796538588927
2023-05-13,0.0
2023-05-14,0.0
2023-05-15,-0.0005429479270239937
2023-05-16,-0.017080486304569157
2023-05-17,0.02617378261327559
2023-05-18,0.028322245247358113
2023-05-19,-0.003935290103474418
2023-05-20,0.0
2023-05-21,0.0
2023-05-22,0.007008197546179488
2023-05-23,-0.01479360332648482
2023-05-24,-0.009921719459473352
2023-05-25,0.008391407212621108
2023-05-26,0.017679328039029846
2023-05-27,0.0
2023-05-28,0.0
2023-05-29,0.0
2023-05-30,0.001903238579267685
2023-05-31,-0.024086852340612
2023-06-01,0.01702450128770788
2023-06-02,0.01927648971274301
2023-06-03,0.0
2023-06-04,0.0
2023-06-05,-0.007905412054412447
2023-06-06,0.012384580519850918
2023-06-07,-0.0024886857634089745
2023-06-08,0.0034585018505929243
2023-06-09,0.005597919839359095
2023-06-10,0.0
2023-06-11,0.0
2023-06-12,-0.002955651374926149
2023-06-13,0.009785061138821346
2023-06-14,0.00486138041415524
2023-06-15,0.026705616172826
2023-06-16,-0.011896227814905666
2023-06-17,0.0
2023-06-18,0.0
2023-06-19,0.0
2023-06-20,-0.01697648496570843
2023-06-21,-0.002768513352941936
2023-06-22,-0.014116962527481004
2023-06-23,0.0015721221816678
2023-06-24,0.0
2023-06-25,0.0
2023-06-26,-0.0004096804319816568
2023-06-27,0.006548553424511327
2023-06-28,0.0008488867825109727
2023-06-29,0.004351973500108961
2023-06-30,0.0042485403284809225
2023-07-01,0.0
2023-07-02,0.0
2023-07-03,0.003524958004899757
2023-07-04,0.0
2023-07-05,-0.0010811935139599562
2023-07-06,-0.017765145641440647
2023-07-07,0.00508493562348766
2023-07-08,0.0
2023-07-09,0.0
2023-07-10,0.017488421030387252
2023-07-11,0.019953411340420727
2023-07-12,0.022001688448857453
2023-07-13,0.01882818419934516
2023-07-14,-0.016034092183857165
2023-07-15,0.0
2023-07-16,0.0
2023-07-17,-0.00021939683167138417
2023-07-18,0.015080258027662932
2023-07-19,0.011263031800654074
2023-07-20,0.004779710835070546
2023-07-21,0.00043919938550945697
2023-07-22,0.0
2023-07-23,0.0
2023-07-24,0.007122503702144981
2023-07-25,-0.014054005239689757
2023-07-26,-0.003844071874407754
2023-07-27,-0.019140174840701477
2023-07-28,0.012633921507834987
2023-07-29,0.0
2023-07-30,0.0
2023-07-31,0.0006911040768259992
2023-08-01,-0.008960524069910988
2023-08-02,-0.020445833193559988
2023-08-03,-0.010184129026167752
2023-08-04,0.00015579391729746638
2023-08-05,0.0
2023-08-06,0.0
2023-08-07,0.0031899030168442586
2023-08-08,-0.022092105617712195
2023-08-09,-0.0070428859325617
2023-08-10,0.007084820179668531
2023-08-11,-0.0020118287886911005
2023-08-12,0.0
2023-08-13,0.0
2023-08-14,-0.0038595718790844884
2023-08-15,-0.029449455793136195
2023-08-16,-0.0008629855799255147
2023-08-17,0.0026115060613086894
2023-08-18,-0.005577092989137189
2023-08-19,0.0
2023-08-20,0.0
2023-08-21,0.0019977228876514094
2023-08-22,-0.008599541459697737
2023-08-23,0.01923331785559553
2023-08-24,-0.008298828445783935
2023-08-25,0.004151846012213053
2023-08-26,0.0
2023-08-27,0.0
2023-08-28,0.00448525558313672
2023-08-29,0.0175627709909889
2023-08-30,0.006891637215295599
2023-08-31,0.006777416400325431
2023-09-01,0.008033411437342203
2023-09-02,0.0
2023-09-03,0.0
2023-09-04,0.0
2023-09-05,-0.014635319105657909
2023-09-06,-0.002517069635201713
2023-09-07,0.0027225407158699157
2023-09-08,-0.0006375479970802973
2023-09-09,0.0
2023-09-10,0.0
2023-09-11,0.007658130407832474
2023-09-12,0.0020261592631356526
2023-09-13,-0.00016051483682022577
2023-09-14,0.013649378432909243
2023-09-15,-0.013389297895647509
2023-09-16,0.0
2023-09-17,0.0
2023-09-18,-0.0036189609725910134
2023-09-19,-0.008571735674098392
2023-09-20,-0.007986051825060812
2023-09-21,-0.021665459007702316
2023-09-22,-0.013140301663678107
2023-09-23,0.0
2023-09-24,0.0
2023-09-25,-0.003871184679176518
2023-09-26,-0.016606978533046154
2023-09-27,-0.005161983807960897
2023-09-28,0.0028710577888721297
2023-09-29,0.001936721033276257
2023-09-30,0.0
2023-10-01,0.0
2023-10-02,-0.0053507479096128055
2023-10-03,-0.02770531876941791
2023-10-04,0.01752788462897304
2023-10-05,0.0059072018173036275
2023-10-06,0.012355199354470311
2023-10-07,0.0
2023-10-08,0.0
2023-10-09,-0.007182865880060289
2023-10-10,-0.002598966068954905
2023-10-11,0.0011213503845680542
2023-10-12,-0.010165403581672014
2023-10-13,-0.013467841546795175
2023-10-14,0.0
2023-10-15,0.0
2023-10-16,0.012335027556751565
2023-10-17,0.0010220341323151044
2023-10-18,-0.030988621135516533
2023-10-19,0.009391672118194467
2023-10-20,-0.012414383446910383
2023-10-21,0.0
2023-10-22,0.0
2023-10-23,-0.00016182784586824317
2023-10-24,-0.00381220517881132
2023-10-25,-0.006076796581870998
2023-10-26,-0.002651049483761218
2023-10-27,-0.014916524242947215
2023-10-28,0.0
2023-10-29,0.0
2023-10-30,0.01500187644030584
2023-10-31,0.008459710689232807
2023-11-01,0.006399479244208927
2023-11-02,0.04487248826268677
2023-11-03,0.020701061953770077
2023-11-04,0.0
2023-11-05,0.0
2023-11-06,-0.007247811749174702
2023-11-07,-0.00711216431221389
2023-11-08,0.009756547255678738
2023-11-09,-0.004788466097605212
2023-11-10,0.020017242599074593
2023-11-11,0.0
2023-11-12,0.0
2023-11-13,-0.005351830321484711
2023-11-14,0.05285422053757011
2023-11-15,0.016339281447843215
2023-11-16,0.008513564148699393
2023-11-17,0.002738942442846564
2023-11-18,0.0
2023-11-19,0.0
2023-11-20,0.005646690536127099
2023-11-21,0.005150297360165315
2023-11-22,0.0034421328646501988
2023-11-23,0.0
2023-11-24,0.004059339553292929
2023-11-25,0.0
2023-11-26,0.0
2023-11-27,0.0007988314500336432
2023-11-28,0.00828261511530779
2023-11-29,0.01420672459620819
2023-11-30,0.005246255602049115
2023-12-01,0.006788970736694348
2023-12-02,0.0
2023-12-03,0.0
2023-12-04,0.00010960886089007144
2023-12-05,-0.002820767977243522
2023-12-06,-0.00835102404341044
2023-12-07,0.0031855596579982827
2023-12-08,-0.0009533587271159989
2023-12-09,0.0
2023-12-10,0.0
2023-12-11,0.010260802332764657
2023-12-12,0.00910230748861113
2023-12-13,0.018451042532711466
2023-12-14,0.042647847529733704
2023-12-15,0.014600333680427494
2023-12-16,0.0
2023-12-17,0.0
2023-12-18,-0.02793200698860791
2023-12-19,0.006183967343736415
2023-12-20,-0.01527717599120257
2023-12-21,0.012428977537632849
2023-12-22,0.004143539579597276
2023-12-23,0.0
2023-12-24,0.0
2023-12-25,0.0
2023-12-26,0.005209321486109916
2023-12-27,0.008197105811666505
2023-12-28,0.0014268838422935594
2023-12-29,-0.003210820276151101
2023-12-30,0.0
2023-12-31,0.0
2024-01-01,0.0
2024-01-02,-0.014267592323211516
2024-01-03,-0.020385412523126787
2024-01-04,0.002292225536766233
2024-01-05,-0.003978027036444856
2024-01-06,0.0
2024-01-07,0.0
2024-01-08,0.018177568265953587
2024-01-09,-0.003355443061418102
2024-01-10,-0.002720807670205234
2024-01-11,0.0003156662044488237
2024-01-12,0.008780414271568475
2024-01-13,0.0
2024-01-14,0.0
2024-01-15,0.0
2024-01-16,-0.010333725312972053
2024-01-17,-0.005002559959323311
2024-01-18,0.009893490750323038
2024-01-19,0.012720115992718408
2024-01-20,0.0
2024-01-21,0.0
2024-01-22,-0.014279915970576127
2024-01-23,-0.0018414646075984864
2024-01-24,-0.008629453125841253
2024-01-25,0.005977450897791969
2024-01-26,-0.004008889641138489
2024-01-27,0.0
2024-01-28,0.0
2024-01-29,0.0017780569521097915
2024-01-30,-0.008875976346608467
2024-01-31,-0.009536300874280083
2024-02-01,0.013622217132590708
2024-02-02,0.0039033864468767357
2024-02-03,0.0
2024-02-04,0.0
2024-02-05,-0.006149954352517833
2024-02-06,0.006123825385159197
2024-02-07,0.008491147854131334
2024-02-08,-0.0018879110613366859
2024-02-09,0.005042457209402633
2024-02-10,0.0
2024-02-11,0.0
2024-02-12,0.005690207015791223
2024-02-13,-0.02999300806817933
2024-02-14,0.009376422636769202
2024-02-15,0.015978266263924696
2024-02-16,-0.005086410569836116
2024-02-17,0.0
2024-02-18,0.0
2024-02-19,0.0
2024-02-20,0.00516251657392707
2024-02-21,0.00915483347129945
2024-02-22,0.009870678767966792
2024-02-23,0.00018349146341642227
2024-02-24,0.0
2024-02-25,0.0
2024-02-26,-0.009334842714070818
2024-02-27,-0.0068346606293881096
2024-02-28,0.011329262130863708
2024-02-29,0.0020716392977665915
2024-03-01,0.004292178124406377
2024-03-02,0.0
2024-03-03,0.0
2024-03-04,0.023817545434365
2024-03-05,-0.009064090232646956
2024-03-06,0.01036108009155782
2024-03-07,0.0015659801469499212
2024-03-08,0.005298966533542983
2024-03-09,0.0
2024-03-10,0.0
2024-03-11,-0.013195661926064894
2024-03-12,0.005356897309534423
2024-03-13,-0.00435060043398482
2024-03-14,-0.021030296623796563
2024-03-15,-0.0077947705937672735
2024-03-16,0.0
2024-03-17,0.0
2024-03-18,-0.002832973393294112
2024-03-19,0.0025575608465118528
2024-03-20,0.019245620153362862
2024-03-21,0.02912362832691919
2024-03-22,-0.020674394921950057
2024-03-23,0.0
2024-03-24,0.0
2024-03-25,-0.010505365771871479
2024-03-26,0.004876740904699421
2024-03-27,0.018026168087355528
2024-03-28,-0.0016994566075638638
2024-03-29,0.0
2024-03-30,0.0
2024-03-31,0.0
2024-04-01,-0.008347810268542262
2024-04-02,-0.012389448652259931
2024-04-03,-0.0021950105581663025
2024-04-04,-0.028267891098545446
2024-04-05,0.00688282333497936
2024-04-06,0.0
2024-04-07,0.0
2024-04-08,0.007196271115971035
2024-04-09,0.0007218778302954319
2024-04-10,-0.025514442178663287
2024-04-11,0.002944972636369619
2024-04-12,-0.029124803748319404
2024-04-13,0.0
2024-04-14,0.0
2024-04-15,-0.0005362297014738662
2024-04-16,-0.017611797682267387
2024-04-17,0.0054808379805727555
